case,status,ratio,reason
APP-001,same_squarefree_up_to_Laurent_factor,"1",
APP-002,same_squarefree_up_to_Laurent_factor,"1",
APP-003,same_squarefree_up_to_Laurent_factor,"1",
APP-004,same_squarefree_up_to_Laurent_factor,"1",
APP-005,same_squarefree_up_to_Laurent_factor,"1",
APP-006,same_squarefree_up_to_Laurent_factor,"1",
APP-007,same_squarefree_up_to_Laurent_factor,"1",
APP-008,same_squarefree_up_to_Laurent_factor,"1",
APP-009,same_squarefree_up_to_Laurent_factor,"1",
APP-010,same_squarefree_up_to_Laurent_factor,"1",
APP-011,same_squarefree_up_to_Laurent_factor,"1",
APP-012,same_squarefree_up_to_Laurent_factor,"1",
APP-013,same_squarefree_up_to_Laurent_factor,"1",
APP-014,same_squarefree_up_to_Laurent_factor,"1",
APP-015,same_squarefree_up_to_Laurent_factor,"1",
APP-016,same_squarefree_up_to_Laurent_factor,"1",
APP-017,same_squarefree_up_to_Laurent_factor,"1",
APP-018,same_squarefree_up_to_Laurent_factor,"1",
APP-019,same_squarefree_up_to_Laurent_factor,"1",
APP-020,same_squarefree_up_to_Laurent_factor,"1",
APP-021,same_squarefree_up_to_Laurent_factor,"1",
APP-022,same_squarefree_up_to_Laurent_factor,"1",
APP-023,same_squarefree_up_to_Laurent_factor,"1",
APP-024,same_squarefree_up_to_Laurent_factor,"1",
APP-025,same_squarefree_up_to_Laurent_factor,"1",
APP-026,same_squarefree_up_to_Laurent_factor,"1",
APP-027,same_squarefree_up_to_Laurent_factor,"1",
APP-028,same_squarefree_up_to_Laurent_factor,"1",
APP-029,same_squarefree_up_to_Laurent_factor,"1",
APP-030,same_squarefree_up_to_Laurent_factor,"1",
APP-031,same_squarefree_up_to_Laurent_factor,"1",
APP-032,same_squarefree_up_to_Laurent_factor,"1",
APP-033,same_squarefree_up_to_Laurent_factor,"1",
APP-034,same_squarefree_up_to_Laurent_factor,"1",
APP-035,same_squarefree_up_to_Laurent_factor,"1",
APP-036,same_squarefree_up_to_Laurent_factor,"1",
APP-037,same_squarefree_up_to_Laurent_factor,"1",
APP-038,same_squarefree_up_to_Laurent_factor,"1",
APP-039,same_squarefree_up_to_Laurent_factor,"1",
APP-040,same_squarefree_up_to_Laurent_factor,"1",
APP-041,same_squarefree_up_to_Laurent_factor,"1",
APP-042,same_squarefree_up_to_Laurent_factor,"1",
APP-043,same_squarefree_up_to_Laurent_factor,"1",
APP-044,same_squarefree_up_to_Laurent_factor,"1",
APP-045,same_squarefree_up_to_Laurent_factor,"1",
APP-046,same_squarefree_up_to_Laurent_factor,"1",
APP-047,same_squarefree_up_to_Laurent_factor,"1",
APP-048,same_squarefree_up_to_Laurent_factor,"1",
APP-049,same_squarefree_up_to_Laurent_factor,"1",
APP-050,same_squarefree_up_to_Laurent_factor,"1",
APP-051,same_squarefree_up_to_Laurent_factor,"1",
APP-052,same_squarefree_up_to_Laurent_factor,"1",
APP-053,same_squarefree_up_to_Laurent_factor,"1",
APP-054,same_squarefree_up_to_Laurent_factor,"1",
APP-055,same_squarefree_up_to_Laurent_factor,"1",
APP-056,same_squarefree_up_to_Laurent_factor,"1",
APP-057,same_squarefree_up_to_Laurent_factor,"1",
APP-058,same_squarefree_up_to_Laurent_factor,"1",
APP-059,same_squarefree_up_to_Laurent_factor,"1",
APP-060,same_squarefree_up_to_Laurent_factor,"1",
APP-061,same_squarefree_up_to_Laurent_factor,"1",
APP-062,same_squarefree_up_to_Laurent_factor,"1",
APP-063,same_squarefree_up_to_Laurent_factor,"1",
APP-064,same_squarefree_up_to_Laurent_factor,"1",
APP-065,same_squarefree_up_to_Laurent_factor,"1",
APP-066,same_squarefree_up_to_Laurent_factor,"1",
APP-067,same_squarefree_up_to_Laurent_factor,"1",
APP-068,same_squarefree_up_to_Laurent_factor,"1",
APP-069,same_squarefree_up_to_Laurent_factor,"1",
APP-070,same_squarefree_up_to_Laurent_factor,"1",
APP-071,same_squarefree_up_to_Laurent_factor,"1",
APP-072,same_squarefree_up_to_Laurent_factor,"1",
APP-073,same_squarefree_up_to_Laurent_factor,"1",
APP-074,same_squarefree_up_to_Laurent_factor,"1",
APP-075,same_squarefree_up_to_Laurent_factor,"1",
APP-076,same_squarefree_up_to_Laurent_factor,"1",
APP-077,same_squarefree_up_to_Laurent_factor,"1",
APP-078,same_squarefree_up_to_Laurent_factor,"1",
APP-079,same_squarefree_up_to_Laurent_factor,"1",
APP-080,same_squarefree_up_to_Laurent_factor,"1",
APP-081,same_squarefree_up_to_Laurent_factor,"1",
APP-082,same_squarefree_up_to_Laurent_factor,"1",
APP-083,same_squarefree_up_to_Laurent_factor,"1",
APP-084,same_squarefree_up_to_Laurent_factor,"1",
APP-085,same_squarefree_up_to_Laurent_factor,"1",
APP-086,same_squarefree_up_to_Laurent_factor,"1",
APP-087,same_squarefree_up_to_Laurent_factor,"1",
APP-088,same_squarefree_up_to_Laurent_factor,"1",
APP-089,same_squarefree_up_to_Laurent_factor,"1",
APP-090,same_squarefree_up_to_Laurent_factor,"1",
APP-091,same_squarefree_up_to_Laurent_factor,"1",
APP-092,same_squarefree_up_to_Laurent_factor,"1",
APP-093,same_squarefree_up_to_Laurent_factor,"1",
APP-094,same_squarefree_up_to_Laurent_factor,"1",
APP-095,same_squarefree_up_to_Laurent_factor,"1",
APP-096,same_squarefree_up_to_Laurent_factor,"1",
APP-097,same_squarefree_up_to_Laurent_factor,"1",
APP-098,same_squarefree_up_to_Laurent_factor,"1",
APP-099,same_squarefree_up_to_Laurent_factor,"1",
APP-100,same_squarefree_up_to_Laurent_factor,"1",
APP-101,same_squarefree_up_to_Laurent_factor,"1",
APP-102,same_squarefree_up_to_Laurent_factor,"1",
APP-103,same_squarefree_up_to_Laurent_factor,"1",
APP-104,same_squarefree_up_to_Laurent_factor,"1",
APP-105,same_squarefree_up_to_Laurent_factor,"1",
APP-106,same_squarefree_up_to_Laurent_factor,"1",
APP-107,same_squarefree_up_to_Laurent_factor,"1",
APP-108,same_squarefree_up_to_Laurent_factor,"1",
APP-109,same_squarefree_up_to_Laurent_factor,"1",
APP-110,same_squarefree_up_to_Laurent_factor,"1",
APP-111,same_squarefree_up_to_Laurent_factor,"1",
APP-112,same_squarefree_up_to_Laurent_factor,"1",
APP-113,same_squarefree_up_to_Laurent_factor,"1",
APP-114,same_squarefree_up_to_Laurent_factor,"1",
APP-115,same_squarefree_up_to_Laurent_factor,"1",
APP-116,same_squarefree_up_to_Laurent_factor,"1",
APP-117,same_squarefree_up_to_Laurent_factor,"1",
APP-118,same_squarefree_up_to_Laurent_factor,"1",
APP-119,same_squarefree_up_to_Laurent_factor,"1",
APP-120,same_squarefree_up_to_Laurent_factor,"1",
APP-121,same_squarefree_up_to_Laurent_factor,"1",
APP-122,same_squarefree_up_to_Laurent_factor,"1",
APP-123,same_squarefree_up_to_Laurent_factor,"1",
APP-124,same_squarefree_up_to_Laurent_factor,"1",
APP-125,same_squarefree_up_to_Laurent_factor,"1",
APP-126,same_squarefree_up_to_Laurent_factor,"1",
APP-127,same_squarefree_up_to_Laurent_factor,"1",
APP-128,same_squarefree_up_to_Laurent_factor,"1",
APP-129,same_squarefree_up_to_Laurent_factor,"1",
APP-130,same_squarefree_up_to_Laurent_factor,"1",
APP-131,same_squarefree_up_to_Laurent_factor,"1",
APP-132,same_squarefree_up_to_Laurent_factor,"1",
APP-133,same_squarefree_up_to_Laurent_factor,"1",
APP-134,same_squarefree_up_to_Laurent_factor,"1",
APP-135,same_squarefree_up_to_Laurent_factor,"1",
APP-136,same_squarefree_up_to_Laurent_factor,"1",
APP-137,same_squarefree_up_to_Laurent_factor,"1",
APP-138,same_squarefree_up_to_Laurent_factor,"1",
APP-139,same_squarefree_up_to_Laurent_factor,"1",
APP-140,same_squarefree_up_to_Laurent_factor,"1",
APP-141,same_squarefree_up_to_Laurent_factor,"1",
APP-142,same_squarefree_up_to_Laurent_factor,"1",
APP-143,same_squarefree_up_to_Laurent_factor,"1",
APP-144,same_squarefree_up_to_Laurent_factor,"1",
APP-145,same_squarefree_up_to_Laurent_factor,"1",
APP-146,same_squarefree_up_to_Laurent_factor,"1",
APP-147,same_squarefree_up_to_Laurent_factor,"1",
APP-148,same_squarefree_up_to_Laurent_factor,"1",
APP-149,same_squarefree_up_to_Laurent_factor,"1",
APP-150,same_squarefree_up_to_Laurent_factor,"1",
APP-151,same_squarefree_up_to_Laurent_factor,"1",
APP-152,same_squarefree_up_to_Laurent_factor,"1",
APP-153,same_squarefree_up_to_Laurent_factor,"1",
APP-154,same_squarefree_up_to_Laurent_factor,"1",
APP-155,same_squarefree_up_to_Laurent_factor,"1",
APP-156,same_squarefree_up_to_Laurent_factor,"1",
APP-157,same_squarefree_up_to_Laurent_factor,"1",
APP-159,same_squarefree_up_to_Laurent_factor,"1",
APP-160,same_squarefree_up_to_Laurent_factor,"1",
APP-161,same_squarefree_up_to_Laurent_factor,"1",
APP-162,same_squarefree_up_to_Laurent_factor,"1",
APP-163,same_squarefree_up_to_Laurent_factor,"1",
APP-164,same_squarefree_up_to_Laurent_factor,"1",
APP-165,same_squarefree_up_to_Laurent_factor,"1",
APP-166,same_squarefree_up_to_Laurent_factor,"1",
APP-167,same_squarefree_up_to_Laurent_factor,"1",
APP-168,same_squarefree_up_to_Laurent_factor,"1",
APP-169,same_squarefree_up_to_Laurent_factor,"1",
APP-170,same_squarefree_up_to_Laurent_factor,"1",
APP-171,same_squarefree_up_to_Laurent_factor,"1",
APP-172,same_squarefree_up_to_Laurent_factor,"1",
APP-173,same_squarefree_up_to_Laurent_factor,"1",
APP-174,same_squarefree_up_to_Laurent_factor,"1",
APP-175,same_squarefree_up_to_Laurent_factor,"1",
APP-176,same_squarefree_up_to_Laurent_factor,"1",
APP-177,same_squarefree_up_to_Laurent_factor,"1",
APP-178,same_squarefree_up_to_Laurent_factor,"1",
APP-179,same_squarefree_up_to_Laurent_factor,"1",
APP-180,same_squarefree_up_to_Laurent_factor,"1",
APP-181,same_squarefree_up_to_Laurent_factor,"1",
APP-182,same_squarefree_up_to_Laurent_factor,"1",
APP-183,same_squarefree_up_to_Laurent_factor,"1",
APP-184,same_squarefree_up_to_Laurent_factor,"1",
APP-185,same_squarefree_up_to_Laurent_factor,"1",
APP-186,same_squarefree_up_to_Laurent_factor,"1",
APP-187,same_squarefree_up_to_Laurent_factor,"1",
APP-188,same_squarefree_up_to_Laurent_factor,"1",
APP-189,same_squarefree_up_to_Laurent_factor,"1",
APP-190,same_squarefree_up_to_Laurent_factor,"1",
APP-191,same_squarefree_up_to_Laurent_factor,"1",
APP-192,same_squarefree_up_to_Laurent_factor,"1",
APP-193,same_squarefree_up_to_Laurent_factor,"1",
APP-194,same_squarefree_up_to_Laurent_factor,"1",
APP-195,same_squarefree_up_to_Laurent_factor,"1",
APP-196,same_squarefree_up_to_Laurent_factor,"1",
APP-197,same_squarefree_up_to_Laurent_factor,"1",
APP-198,same_squarefree_up_to_Laurent_factor,"1",
APP-199,same_squarefree_up_to_Laurent_factor,"1",
APP-200,same_squarefree_up_to_Laurent_factor,"1",
APP-201,same_squarefree_up_to_Laurent_factor,"1",
APP-202,same_squarefree_up_to_Laurent_factor,"1",
APP-203,same_squarefree_up_to_Laurent_factor,"1",
APP-204,same_squarefree_up_to_Laurent_factor,"1",
APP-205,same_squarefree_up_to_Laurent_factor,"1",
APP-206,same_squarefree_up_to_Laurent_factor,"1",
APP-207,same_squarefree_up_to_Laurent_factor,"1",
APP-208,same_squarefree_up_to_Laurent_factor,"1",
APP-209,same_squarefree_up_to_Laurent_factor,"1",
APP-210,same_squarefree_up_to_Laurent_factor,"1",
APP-211,same_squarefree_up_to_Laurent_factor,"1",
APP-212,same_squarefree_up_to_Laurent_factor,"1",
APP-213,same_squarefree_up_to_Laurent_factor,"1",
APP-214,same_squarefree_up_to_Laurent_factor,"1",
APP-215,same_squarefree_up_to_Laurent_factor,"1",
APP-216,same_squarefree_up_to_Laurent_factor,"1",
APP-217,same_squarefree_up_to_Laurent_factor,"1",
APP-218,same_squarefree_up_to_Laurent_factor,"1",
APP-219,same_squarefree_up_to_Laurent_factor,"1",
APP-220,same_squarefree_up_to_Laurent_factor,"1",
APP-221,same_squarefree_up_to_Laurent_factor,"1",
APP-222,same_squarefree_up_to_Laurent_factor,"1",
APP-223,same_squarefree_up_to_Laurent_factor,"1",
APP-224,same_squarefree_up_to_Laurent_factor,"1",
APP-225,same_squarefree_up_to_Laurent_factor,"1",
APP-226,same_squarefree_up_to_Laurent_factor,"1",
APP-227,same_squarefree_up_to_Laurent_factor,"1",
APP-228,same_squarefree_up_to_Laurent_factor,"1",
APP-229,same_squarefree_up_to_Laurent_factor,"1",
APP-230,same_squarefree_up_to_Laurent_factor,"1",
APP-231,same_squarefree_up_to_Laurent_factor,"1",
