case,f,angles_pi,vertex_exact,angle_sum_exact,equation_26_exact,minimum_f_from_vertex_degrees,status,source
APP-010,12,"[4/9, 4/9, 2/3, 7/9, 1]",true,true,true,12,matches_manuscript,recursive_search
APP-012,44,"[4/11, 4/11, 6/11, 9/11, 1]",true,true,true,14,matches_manuscript,recursive_search
APP-018,14,"[4/7, 3/7, 5/7, 5/7, 6/7]",true,true,true,12,matches_manuscript,recursive_search
APP-019,18,"[5/9, 4/9, 2/3, 13/18, 5/6]",true,true,true,12,matches_manuscript,recursive_search
APP-020,24,"[2/3, 1, 1/2, 2/3, 1/3]",true,true,true,12,matches_manuscript,recursive_search
APP-021,24,"[2/3, 1, 1/2, 2/3, 1/3]",true,true,true,14,matches_manuscript,recursive_search
APP-022,40,"[9/10, 3/10, 1/5, 11/20, 23/20]",true,true,true,12,matches_manuscript,recursive_search
APP-025,12,"[1, 2/3, 1/2, 1/2, 2/3]",true,true,true,12,matches_manuscript,recursive_search
APP-026,12,"[1/3, 1, 2/3, 5/6, 1/2]",true,true,true,12,matches_manuscript,recursive_search
APP-027,12,"[1/3, 1, 2/3, 5/6, 1/2]",true,true,true,12,matches_manuscript,recursive_search
APP-028,18,"[1/3, 1, 5/9, 5/6, 1/2]",true,true,true,14,matches_manuscript,recursive_search
APP-028,28,"[2/7, 6/7, 4/7, 6/7, 4/7]",true,true,true,14,matches_manuscript,recursive_search
APP-029,24,"[1/3, 1, 1/2, 5/6, 1/2]",true,true,true,12,matches_manuscript,recursive_search
APP-029,28,"[2/7, 6/7, 4/7, 6/7, 4/7]",true,true,true,12,matches_manuscript,recursive_search
APP-030,12,"[1, 2/3, 1/2, 1/2, 2/3]",true,true,true,14,excluded_vertex_degree_bound,recursive_search
APP-030,24,"[1/3, 1, 1/2, 5/6, 1/2]",true,true,true,14,matches_manuscript,recursive_search
APP-031,48,"[1/4, 7/4, 1/12, 7/8, 1/8]",true,true,true,14,matches_manuscript,recursive_search
APP-032,60,"[1/3, 1, 2/5, 5/6, 1/2]",true,true,true,16,matches_manuscript,recursive_search
APP-037,24,"[1, 1/2, 1, 1/2, 1/6]",true,true,true,12,matches_manuscript,recursive_search
APP-038,24,"[1, 1/2, 1, 1/2, 1/6]",true,true,true,14,matches_manuscript,recursive_search
APP-046,12,"[1/3, 1, 2/3, 5/6, 1/2]",true,true,true,12,matches_manuscript,recursive_search
APP-047,28,"[2/7, 6/7, 4/7, 6/7, 4/7]",true,true,true,12,matches_manuscript,recursive_search
APP-048,28,"[2/7, 6/7, 4/7, 6/7, 4/7]",true,true,true,12,matches_manuscript,recursive_search
APP-058,16,"[3/2, 1/4, 1/2, 1/4, 3/4]",true,true,true,12,matches_manuscript,recursive_search
APP-074,20,"[2/5, 2/5, 4/5, 3/5, 1]",true,true,true,12,matches_manuscript,recursive_search
APP-074,20,"[2/5, 2/5, 4/5, 7/10, 9/10]",true,true,true,12,matches_manuscript,recursive_search
APP-083,12,"[1/2, 1, 1/3, 1, 1/2]",true,true,true,14,excluded_vertex_degree_bound,recursive_search
APP-083,20,"[2/5, 4/5, 2/5, 1, 3/5]",true,true,true,14,matches_manuscript,recursive_search
APP-084,20,"[2/5, 4/5, 2/5, 1, 3/5]",true,true,true,16,matches_manuscript,recursive_search
APP-108,12,"[1/3, 1, 2/3, 5/6, 1/2]",true,true,true,14,excluded_vertex_degree_bound,recursive_search
APP-111,24,"[1/3, 1, 1/2, 5/6, 1/2]",true,true,true,14,matches_manuscript,recursive_search
APP-122,12,"[1, 1/2, 2/3, 2/3, 1/2]",true,true,true,14,excluded_vertex_degree_bound,recursive_search
APP-123,12,"[5/6, 5/6, 1/3, 5/6, 1/2]",true,true,true,14,excluded_vertex_degree_bound,recursive_search
APP-131,28,"[2/7, 10/7, 6/7, 3/7, 1/7]",true,true,true,12,matches_manuscript,recursive_search
APP-133,28,"[6/7, 4/7, 2/7, 3/7, 1]",true,true,true,12,matches_manuscript,recursive_search
APP-154,12,"[2/3, 1/2, 2/3, 1, 1/2]",true,true,true,12,matches_manuscript,recursive_search
APP-155,20,"[4/5, 6/5, 2/5, 1/10, 7/10]",true,true,true,12,matches_manuscript,recursive_search
APP-155,20,"[4/5, 6/5, 2/5, 7/10, 1/10]",true,true,true,12,matches_manuscript,recursive_search
APP-156,20,"[4/5, 6/5, 2/5, 1/10, 7/10]",true,true,true,14,matches_manuscript,recursive_search
APP-156,20,"[4/5, 6/5, 2/5, 7/10, 1/10]",true,true,true,14,matches_manuscript,recursive_search
APP-157,20,"[4/5, 6/5, 2/5, 1/10, 7/10]",true,true,true,16,matches_manuscript,recursive_search
APP-157,20,"[4/5, 6/5, 2/5, 7/10, 1/10]",true,true,true,16,matches_manuscript,recursive_search
APP-159,28,"[6/7, 4/7, 2/7, 3/7, 1]",true,true,true,14,matches_manuscript,recursive_search
APP-160,28,"[6/7, 4/7, 2/7, 3/7, 1]",true,true,true,14,matches_manuscript,recursive_search
APP-161,28,"[6/7, 4/7, 2/7, 3/7, 1]",true,true,true,14,matches_manuscript,recursive_search
APP-162,28,"[6/7, 4/7, 2/7, 3/7, 1]",true,true,true,16,matches_manuscript,recursive_search
APP-163,28,"[6/7, 4/7, 2/7, 3/7, 1]",true,true,true,16,matches_manuscript,recursive_search
APP-164,40,"[9/10, 3/10, 1/5, 11/20, 23/20]",true,true,true,16,matches_manuscript,recursive_search
APP-164,40,"[9/10, 3/10, 1/5, 31/20, 3/20]",true,true,true,16,matches_manuscript,recursive_search
APP-165,40,"[9/10, 3/10, 1/5, 11/20, 23/20]",true,true,true,16,matches_manuscript,recursive_search
APP-169,12,"[1/3, 2/3, 1, 1/2, 5/6]",true,true,true,14,excluded_vertex_degree_bound,recursive_search
APP-169,12,"[1/3, 2/3, 1, 1/3, 1]",true,true,true,14,excluded_vertex_degree_bound,recursive_search
APP-171,12,"[1/3, 2/3, 1, 1/3, 1]",true,true,true,14,excluded_vertex_degree_bound,recursive_search
APP-172,12,"[1/3, 2/3, 1, 1/3, 1]",true,true,true,16,excluded_vertex_degree_bound,recursive_search
APP-174,12,"[1/3, 2/3, 1, 1/2, 5/6]",true,true,true,16,excluded_vertex_degree_bound,recursive_search
APP-174,12,"[1/3, 2/3, 1, 1/3, 1]",true,true,true,16,excluded_vertex_degree_bound,recursive_search
APP-176,12,"[1/3, 2/3, 1, 1/2, 5/6]",true,true,true,16,excluded_vertex_degree_bound,recursive_search
APP-180,16,"[1/4, 3/4, 1, 1/2, 3/4]",true,true,true,16,matches_manuscript,recursive_search
APP-180,16,"[1/4, 3/4, 1, 1/4, 1]",true,true,true,16,matches_manuscript,recursive_search
APP-181,16,"[1/4, 3/4, 1, 1/4, 1]",true,true,true,16,matches_manuscript,recursive_search
APP-182,16,"[1/4, 3/4, 1, 1/4, 1]",true,true,true,16,matches_manuscript,recursive_search
APP-183,16,"[1/4, 3/4, 1, 1/2, 3/4]",true,true,true,14,matches_manuscript,recursive_search
APP-184,20,"[1/5, 4/5, 1, 1/2, 7/10]",true,true,true,16,matches_manuscript,recursive_search
APP-196,12,"[2/3, 1/2, 2/3, 1, 1/2]",true,true,true,12,matches_manuscript,recursive_search
APP-197,14,"[4/7, 3/7, 5/7, 5/14, 17/14]",true,true,true,14,matches_manuscript,recursive_search
APP-197,28,"[2/7, 10/7, 6/7, 3/7, 1/7]",true,true,true,14,matches_manuscript,recursive_search
APP-197,42,"[4/21, 16/21, 19/21, 19/42, 11/14]",true,true,true,14,matches_manuscript,recursive_search
APP-198,28,"[2/7, 4/7, 6/7, 4/7, 6/7]",true,true,true,16,matches_manuscript,recursive_search
APP-198,28,"[2/7, 10/7, 6/7, 3/7, 1/7]",true,true,true,16,matches_manuscript,recursive_search
APP-199,20,"[2/5, 8/5, 4/5, 1/30, 11/30]",true,true,true,16,matches_manuscript,recursive_search
APP-199,20,"[2/5, 8/5, 4/5, 11/30, 1/30]",true,true,true,16,matches_manuscript,recursive_search
APP-199,28,"[2/7, 10/7, 6/7, 3/7, 1/7]",true,true,true,16,matches_manuscript,recursive_search
APP-200,28,"[2/7, 10/7, 6/7, 3/7, 1/7]",true,true,true,16,matches_manuscript,recursive_search
APP-201,14,"[4/7, 3/7, 5/7, 19/14, 3/14]",true,true,true,14,matches_manuscript,recursive_search
APP-201,16,"[1/2, 1/4, 3/4, 13/8, 1/8]",true,true,true,14,matches_manuscript,recursive_search
APP-202,14,"[4/7, 1/7, 5/7, 23/14, 3/14]",true,true,true,14,matches_manuscript,phase_family_lift
APP-202,16,"[1/2, 1/4, 3/4, 13/8, 1/8]",true,true,true,14,matches_manuscript,phase_family_lift
APP-202,18,"[4/9, 1/3, 7/9, 29/18, 1/18]",true,true,true,14,matches_manuscript,phase_family_lift
APP-202,20,"[2/5, 2/5, 4/5, 7/10, 9/10]",true,true,true,14,matches_manuscript,recursive_search
APP-203,16,"[1/2, 1/4, 3/4, 13/8, 1/8]",true,true,true,16,matches_manuscript,recursive_search
APP-204,20,"[2/5, 2/5, 4/5, 3/5, 1]",true,true,true,14,matches_manuscript,recursive_search
APP-204,20,"[2/5, 2/5, 4/5, 7/10, 9/10]",true,true,true,14,matches_manuscript,recursive_search
APP-204,20,"[2/5, 8/5, 4/5, 1/30, 11/30]",true,true,true,14,matches_manuscript,recursive_search
APP-204,20,"[2/5, 8/5, 4/5, 11/30, 1/30]",true,true,true,14,matches_manuscript,recursive_search
APP-205,28,"[2/7, 4/7, 6/7, 4/7, 6/7]",true,true,true,14,matches_manuscript,recursive_search
APP-206,36,"[2/9, 2/3, 8/9, 5/9, 7/9]",true,true,true,16,matches_manuscript,recursive_search
APP-208,12,"[2/3, 4/9, 8/9, 1, 1/3]",true,true,true,14,excluded_vertex_degree_bound,recursive_search
APP-210,20,"[2/3, 2/5, 4/5, 1, 1/3]",true,true,true,14,matches_manuscript,recursive_search
APP-211,20,"[2/3, 2/5, 4/5, 1, 1/3]",true,true,true,16,matches_manuscript,recursive_search
APP-217,12,"[1/2, 1/3, 1, 1/2, 1]",true,true,true,14,excluded_vertex_degree_bound,recursive_search
APP-223,20,"[2/5, 2/5, 4/5, 3/5, 1]",true,true,true,14,matches_manuscript,recursive_search
APP-223,20,"[2/5, 2/5, 4/5, 7/10, 9/10]",true,true,true,14,matches_manuscript,recursive_search
APP-224,20,"[2/5, 2/5, 4/5, 3/5, 1]",true,true,true,16,matches_manuscript,recursive_search
APP-224,20,"[2/5, 2/5, 4/5, 7/10, 9/10]",true,true,true,16,matches_manuscript,recursive_search
APP-012-OR1,44,"[4/11, 4/11, 6/11, 9/11, 1]",true,true,true,14,matches_manuscript,recursive_search
APP-037-OR1,24,"[1, 1/2, 1, 1/2, 1/6]",true,true,true,12,matches_manuscript,recursive_search
APP-074-OR1,20,"[2/5, 2/5, 4/5, 3/5, 1]",true,true,true,12,matches_manuscript,recursive_search
APP-074-OR1,20,"[2/5, 2/5, 4/5, 7/10, 9/10]",true,true,true,12,matches_manuscript,recursive_search
APP-154-OR1,12,"[2/3, 1/2, 2/3, 1, 1/2]",true,true,true,12,matches_manuscript,recursive_search
APP-169-OR1,12,"[1/3, 2/3, 1, 1/2, 5/6]",true,true,true,14,excluded_vertex_degree_bound,recursive_search
APP-169-OR1,12,"[1/3, 2/3, 1, 1/3, 1]",true,true,true,14,excluded_vertex_degree_bound,recursive_search
APP-171-OR1,12,"[1/3, 2/3, 1, 1/3, 1]",true,true,true,14,excluded_vertex_degree_bound,recursive_search
APP-180-OR1,16,"[1/4, 3/4, 1, 1/2, 3/4]",true,true,true,16,matches_manuscript,recursive_search
APP-180-OR1,16,"[1/4, 3/4, 1, 1/4, 1]",true,true,true,16,matches_manuscript,recursive_search
APP-181-OR1,16,"[1/4, 3/4, 1, 1/4, 1]",true,true,true,16,matches_manuscript,recursive_search
